"Business Name","First Name","Last Name",Address,City,State,Zip,Phone,Email
"PIT SURF SHOP",Woody,Wave,"18 A Street","St. Augustine",FL,32084,9232341234,surf@birthdaycomp.com
"eleven spa",Lisa,Adams,"1440 N. Federal Highway","Delray Beach",FL,33483,"(456)  37-6576",vanderbaan@yahoo.com
"Spoon Fed",Muaz,Ishfaq,"133 ne 3th ave","Delray Beach",FL,33444,"(561)  344-3737",muaz.vendor@gmail.com
Drinks,mark,anderson,"office new","delray beach",FL,33444,123456789,vendornew@yahoo.com
"free t-shirt's",Jamal,Ahmed,Ilsa,"Delray Beach",FL,33444,123456789,vendor8@yahoo.com
"Grill Burger",Jaz,Ah,Ilsa,Lahore,FL,33444,123456789,jamal.ahmed@ilsainteractive.com
"Test App",devlp,Jazz,Ilsa,"Delray Beach",FL,33444,1115559991,devlp@gmail.com
admin's,Jamal,Ahmed,"Office 2","Delray Beach",FL,33444,1115559991,vendors@yahoo.com
"Anthony's Coal Fired Pizza",Anthony,Bruno,"115 NE 6th Ave.","Delray Beach",FL,33483,"(123) 344-5555",birthdaycomp@gmail.com
"Test's Gift",tester,ilsa,"Street 3, bolvard road",,,33444,1115559991,devlp@yahoo.com
"Mellow Mushroom",John,Adams,"25 SE 6th ave","Delray Beach",FL,33483,"(123)  45-6789",vanderbaan@yahoo.com
"The Back 40 Urban Cafe",Brian,Corona,"40 S Dixie Hwy","St. Augustine",FL,32084,"(123) 456-7899",vanderbaan@yahoo.com
"Buona Sera Italian Restaurant",Marco,Polo,"88 East Main Street",Smithtown,FL,11787,6315556263,vanderbaan@yahoo.com
"Pasta Pasta",Steve,Sands,"234 East Main Street","Port Jefferson",NY,11777,6318977977,vanderbaan@yahoo.com
Costco,Bob,Herman,"999 Lake Drive ",Issaquah,WA,98027,"(671) 626-1262",vanderbaan@yahoo.com
